"optionCode";"marks";;;
102286;0;;;
109001;0;;;
110601;0;;;
111501;0;;;
114452;0;;;
114931;0;;;
118270;0;;;
125987;0;;;
126171;0;;;
126697;0;;;
135602;0;;;
136157;0;;;
139944;1;;;
140940;0;;;
143678;1;;;
145732;0;;;
145904;0;;;
147455;0;;;
152497;0;;;
152639;0;;;
155151;0;;;
155497;1;;;
159053;0;;;
163171;0;;;
164002;1;;;
166399;1;;;
166507;0;;;
166530;1;;;
166779;0;;;
167820;0;;;
168131;0;;;
168991;0;;;
170067;0;;;
170143;0;;;
170473;1;;;
171442;0;;;
171506;0;;;
177470;0;;;
177681;0;;;
178161;1;;;
178226;0;;;
178859;0;;;
181444;0;;;
183069;1;;;
183954;0;;;
184469;0;;;
185492;0;;;
186018;0;;;
188175;0;;;
189463;1;;;
192588;0;;;
196491;0;;;
196842;1;;;
199544;1;;;
200626;1;;;
201323;0;;;
205019;0;;;
205109;1;;;
208706;0;;;
209594;0;;;
216612;0;;;
219207;0;;;
220554;1;;;
221679;0;;;
226397;0;;;
228055;0;;;
229770;0;;;
233732;0;;;
235074;0;;;
235578;0;;;
235843;1;;;
235849;1;;;
236364;0;;;
239009;0;;;
240419;1;;;
247126;0;;;
248050;0;;;
248286;0;;;
248350;0;;;
254551;0;;;
254966;0;;;
256659;1;;;
257078;1;;;
260759;0;;;
261187;0;;;
262135;0;;;
264495;0;;;
268393;0;;;
271050;0;;;
275280;1;;;
275824;0;;;
277457;1;;;
278798;0;;;
279753;0;;;
279963;1;;;
285600;0;;;
286094;1;;;
286728;0;;;
289181;0;;;
294463;0;;;
297862;0;;;
302833;1;;;
303233;0;;;
305870;1;;;
308298;0;;;
314248;0;;;
315647;0;;;
315904;1;;;
318377;0;;;
320944;0;;;
322551;0;;;
324302;1;;;
325019;1;;;
327743;0;;;
330907;0;;;
331218;0;;;
331928;0;;;
332514;0;;;
335482;0;;;
338554;0;;;
347699;0;;;
353375;1;;;
354250;0;;;
359070;0;;;
359232;0;;;
359285;1;;;
361348;0;;;
361743;0;;;
365918;0;;;
366556;0;;;
366707;0;;;
367750;1;;;
367816;0;;;
369046;0;;;
369077;0;;;
372221;0;;;
372356;1;;;
378011;1;;;
386309;0;;;
389312;0;;;
391890;0;;;
392444;0;;;
398585;1;;;
403318;0;;;
404773;0;;;
409350;0;;;
411697;0;;;
413241;0;;;
414290;0;;;
414466;0;;;
416934;0;;;
418436;0;;;
426585;0;;;
428205;0;;;
429400;1;;;
431141;0;;;
435388;0;;;
435494;0;;;
436030;0;;;
436867;0;;;
439798;1;;;
440969;0;;;
441157;0;;;
445240;0;;;
447219;0;;;
449345;1;;;
453079;1;;;
459542;1;;;
460591;1;;;
461065;0;;;
466676;1;;;
466963;0;;;
470335;1;;;
472282;0;;;
472808;1;;;
473036;0;;;
475548;0;;;
477021;0;;;
480851;0;;;
484599;0;;;
487878;0;;;
493122;0;;;
493606;0;;;
496178;0;;;
497898;0;;;
498301;0;;;
499062;0;;;
503032;0;;;
503939;0;;;
508438;0;;;
514081;0;;;
514145;1;;;
514990;0;;;
524627;1;;;
526190;1;;;
527697;0;;;
530129;0;;;
534650;1;;;
535249;1;;;
537566;1;;;
538716;0;;;
547880;0;;;
548946;0;;;
554299;1;;;
554363;0;;;
556972;0;;;
562352;0;;;
565947;0;;;
573191;0;;;
573867;0;;;
576776;0;;;
587940;1;;;
596734;1;;;
598452;0;;;
598573;1;;;
598683;0;;;
598783;0;;;
600036;1;;;
602442;0;;;
605025;0;;;
608725;1;;;
609067;0;;;
609117;0;;;
609888;0;;;
613477;0;;;
615451;0;;;
618576;1;;;
620171;0;;;
620909;0;;;
622655;0;;;
622866;0;;;
628249;0;;;
628772;0;;;
633616;1;;;
640699;0;;;
641641;1;;;
647654;0;;;
651547;0;;;
652592;0;;;
653920;1;;;
654329;1;;;
658177;0;;;
658237;0;;;
661603;1;;;
661740;0;;;
662201;1;;;
663192;0;;;
665575;0;;;
666765;0;;;
667894;0;;;
670408;1;;;
672048;0;;;
681181;0;;;
681822;0;;;
683248;0;;;
684352;0;;;
686414;0;;;
688674;0;;;
689737;0;;;
689780;0;;;
690538;0;;;
692086;0;;;
694931;0;;;
707696;0;;;
709710;0;;;
709905;0;;;
713792;0;;;
714349;1;;;
717480;0;;;
722327;1;;;
726876;1;;;
727338;0;;;
728497;1;;;
730206;0;;;
734249;0;;;
738380;0;;;
738756;0;;;
739671;0;;;
743973;0;;;
746490;0;;;
755127;1;;;
757731;0;;;
758918;0;;;
761087;0;;;
761446;0;;;
767049;0;;;
769045;0;;;
769698;0;;;
770257;1;;;
771185;0;;;
772920;0;;;
773720;0;;;
780242;1;;;
781772;0;;;
782984;0;;;
783877;0;;;
785583;1;;;
785961;0;;;
792699;0;;;
794355;0;;;
794591;1;;;
796046;1;;;
797091;0;;;
808244;0;;;
811968;1;;;
812668;1;;;
814317;0;;;
819282;1;;;
821190;0;;;
823087;0;;;
825208;0;;;
828507;0;;;
828675;0;;;
832966;0;;;
833060;0;;;
839971;0;;;
845946;1;;;
852502;0;;;
855744;0;;;
856290;1;;;
857636;0;;;
858590;0;;;
859150;1;;;
862771;1;;;
867286;1;;;
869444;1;;;
878009;0;;;
887034;1;;;
887929;1;;;
894211;1;;;
902811;0;;;
903132;0;;;
904186;0;;;
906025;1;;;
906921;0;;;
908789;0;;;
909127;0;;;
911412;0;;;
913554;0;;;
913983;0;;;
914049;0;;;
915042;0;;;
917447;0;;;
918637;0;;;
918810;0;;;
919029;0;;;
922220;0;;;
931610;0;;;
933568;1;;;
942809;0;;;
943720;0;;;
944092;0;;;
944311;0;;;
945547;1;;;
953767;0;;;
953873;0;;;
954564;1;;;
956411;0;;;
957816;1;;;
965380;1;;;
966666;0;;;
967488;0;;;
967928;0;;;
968022;0;;;
977764;0;;;
981786;0;;;
987725;0;;;
987879;0;;;
989181;0;;;
989383;1;;;
991073;0;;;
992244;1;;;
994637;0;;;
995422;0;;;
998279;0;;;
999150;0;;;
2244283;1;;;
2992787;0;;;
2788577;0;;;
2416443;0;;;
2103553;0;;;
2466094;1;;;
2150691;0;;;
2943181;0;;;
2749520;0;;;
2415841;0;;;
2418848;0;;;
2225674;1;;;
2751893;0;;;
2859915;0;;;
2727179;0;;;
2457139;1;;;
2506810;1;;;
2578409;0;;;
2620610;0;;;
2339564;1;;;
2766090;0;;;
2571422;1;;;
2423539;0;;;
2646641;0;;;
2615708;1;;;
2380519;0;;;
2373435;0;;;
2243345;1;;;
2713826;0;;;
2732256;0;;;
2219136;0;;;
2668483;1;;;
3947929;0;;;
3205235;1;;;
3652971;0;;;
3838525;0;;;
3907424;0;;;
3213223;0;;;
3458178;1;;;
3520800;0;;;
3706785;0;;;
3512402;0;;;
3666345;1;;;
3691235;0;;;
3194388;0;;;
3903897;0;;;
3464197;1;;;
3508801;0;;;
3989337;0;;;
3196365;1;;;
3551584;0;;;
3177665;0;;;
3527845;0;;;
3915694;0;;;
3630264;0;;;
3325546;1;;;
601532;1;"-";;
600954;0;;;
600939;0;;;
601570;0;;;
601205;0;;;
601358;1;;;
600972;0;;;
600684;0;;;
601455;0;;;
601863;0;;;
601819;0;;;
601860;1;;;
600844;0;;;
601422;0;;;
600608;0;;;
601096;1;;;
600985;0;;;
601149;1;;;
601288;0;;;
600655;0;;;
600543;1;;;
601362;0;;;
600582;0;;;
600512;1;;;
601932;0;;;
601523;1;;;
601146;0;;;
600502;0;;;
601316;0;;;
601683;0;;;
601857;1;;;
601492;0;;;
601845;0;;;
601085;0;;;
601312;1;;;
601256;0;;;
601696;0;;;
600667;0;;;
601372;1;;;
601803;0;;;
601054;0;;;
601588;1;;;
601387;0;;;
600636;0;;;
601213;0;;;
601753;0;;;
601303;0;;;
600976;1;;;
601657;0;;;
601639;0;;;
601576;0;;;
601141;1;;;
601283;1;;;
601897;0;;;
601419;0;;;
601041;0;;;
601764;0;;;
600903;0;;;
601908;1;;;
600978;0;;;
600865;0;;;
601613;0;;;
600993;1;;;
601816;0;;;
600749;0;;;
601528;1;;;
601290;0;;;
600697;0;;;
601993;0;;;
600862;1;;;
601484;0;;;
601017;0;;;
601099;0;;;
601063;0;;;
601114;1;;;
600843;0;;;
601405;0;;;
601385;1;;;
601191;0;;;
601967;0;;;
601756;0;;;
601407;0;;;
600760;0;;;
601059;1;;;
600918;0;;;
600623;0;;;
600594;0;;;
601007;1;;;
600980;1;;;
601670;0;;;
600597;0;;;
600969;0;;;
601052;0;;;
601827;1;;;
600857;0;;;
601651;0;;;
601424;1;;;
601216;0;;;
601826;0;;;
600682;0;;;
600714;0;;;
601452;0;;;
601327;0;;;
601792;1;;;
601531;0;;;
601703;1;;;
601230;0;;;
601987;0;;;
601384;0;;;
600741;1;;;
601600;0;;;
600552;0;;;
600555;0;;;
600548;1;;;
600753;0;;;
600635;0;;;
601042;0;;;
601321;0;;;
601593;1;;;
601994;0;;;
601347;1;;;
601130;0;;;
601782;0;;;
600528;0;;;
601391;0;;;
600863;0;;;
601472;1;;;
600736;0;;;
601360;0;;;
601434;1;;;
601510;0;;;
601081;0;;;
601584;0;;;
600729;0;;;
601985;0;;;
600832;1;;;
601343;0;;;
600693;1;;;
601999;0;;;
600758;0;;;
601195;1;;;
601261;0;;;
601698;0;;;
601281;0;;;
601030;0;;;
601746;1;;;
601363;0;;;
600536;0;;;
601232;1;;;
601571;0;;;
601715;0;;;
601102;0;;;
601237;0;;;
601169;0;;;
601180;0;;;
601084;1;;;
601197;0;;;
601150;0;;;
600950;0;;;
600742;1;;;
601691;1;;;
600670;0;;;
601680;0;;;
601618;0;;;
601806;0;;;
601204;1;;;
601648;0;;;
601877;0;;;
600503;1;;;
600793;0;;;
601285;0;;;
600779;0;;;
601015;0;;;
600974;1;;;
600845;0;;;
600822;0;;;
601904;0;;;
600968;0;;;
601942;0;;;
600806;1;;;
601736;1;;;
601272;0;;;
600797;0;;;
601953;0;;;
600572;0;;;
601575;0;;;
601676;0;;;
600611;1;;;
601895;0;;;
601814;0;;;
601619;0;;;
600640;1;;;
600641;1;;;
601802;0;;;
601094;0;;;
601663;0;;;
600951;1;;;
601037;0;;;
601923;0;;;
600751;0;;;
601178;0;;;
600873;0;;;
601822;1;;;
600759;0;;;
600784;0;;;
600575;1;;;
600981;0;;;
601755;0;;;
601727;0;;;
601507;0;;;
601540;0;;;
600923;1;;;
601545;0;;;
601917;1;;;
601902;0;;;
601596;0;;;
601359;0;;;
601616;1;;;
601799;0;;;
601573;0;;;
600537;0;;;
600560;1;;;
600860;0;;;
600735;0;;;
601023;0;;;
600696;0;;;
601034;1;;;
600932;0;;;
600772;0;;;
600664;0;;;
600848;0;;;
600707;1;;;
600945;0;;;
600907;1;;;
601043;0;;;
600899;0;;;
601439;1;;;
601409;0;;;
601992;0;;;
600977;0;;;
601440;1;;;
601132;0;;;
600917;0;;;
601909;0;;;
601045;0;;;
601245;0;;;
601830;0;;;
601554;1;;;
601417;0;;;
601299;0;;;
600620;0;;;
600878;1;;;
601713;0;;;
601497;1;;;
601947;0;;;
600752;0;;;
601535;0;;;
601732;0;;;
600549;0;;;
600508;1;;;
600938;0;;;
600858;1;;;
601068;0;;;
600558;0;;;
600535;0;;;
601988;1;;;
601122;0;;;
601456;0;;;
600875;0;;;
601219;0;;;
601881;1;;;
601415;0;;;
601772;1;;;
601763;0;;;
601465;0;;;
601209;0;;;
601106;0;;;
600830;0;;;
600513;1;;;
600569;0;;;
600616;0;;;
601047;0;;;
601813;1;;;
601476;0;;;
601486;0;;;
601181;0;;;
601612;1;;;
600650;0;;;
601076;1;;;
601218;0;;;
600715;0;;;
600587;0;;;
601061;0;;;
601743;0;;;
601044;1;;;
601719;0;;;
600646;1;;;
601770;0;;;
601920;0;;;
601704;0;;;
601579;1;;;
601818;0;;;
601779;0;;;
600671;0;;;
601164;0;;;
601445;1;;;
601318;0;;;
601426;0;;;
600647;0;;;
601775;0;;;
601095;0;;;
601854;1;;;
601701;0;;;
601564;0;;;
601749;0;;;
600511;1;;;
601586;0;;;
601410;0;;;
600852;0;;;
601800;1;"-";;
432214;0;"New Aug 5-9";;
429039;0;"New Aug 5-9";;
424289;1;"New Aug 5-9";;
415524;0;"New Aug 5-9";;
434369;0;"New Aug 5-9";;
426633;1;"New Aug 5-9";;
443513;0;"New Aug 5-9";;
437300;0;"New Aug 5-9";;
435667;0;"New Aug 5-9";;
449547;0;"New Aug 5-9";;
417278;1;"New Aug 5-9";;
446598;0;"New Aug 5-9";;
432242;0;"New Aug 5-9";;
422820;1;"New Aug 5-9";;
418883;0;"New Aug 5-9";;
422982;0;"New Aug 5-9";;
448519;0;"New Aug 5-9";;
418689;0;"New Aug 5-9";;
436050;0;"New Aug 5-9";;
419417;1;"New Aug 5-9";;
442929;0;"New Aug 5-9";;
435322;0;"New Aug 5-9";;
441421;0;"New Aug 5-9";;
440207;1;"New Aug 5-9";;
435488;1;"New Aug 5-9";;
433097;0;"New Aug 5-9";;
427299;0;"New Aug 5-9";;
436582;0;"New Aug 5-9";;
419845;0;"New Aug 5-9";;
431240;1;"New Aug 5-9";;
444611;0;"New Aug 5-9";;
446045;0;"New Aug 5-9";;
433336;0;"New Aug 5-9";;
448579;0;"New Aug 5-9";;
448540;1;"New Aug 5-9";;
418729;0;"New Aug 5-9";;
418101;0;"New Aug 5-9";;
427524;0;"New Aug 5-9";;
417724;0;"New Aug 5-9";;
432467;1;"New Aug 5-9";;
424392;0;"New Aug 5-9";;
449141;0;"New Aug 5-9";;
443811;0;"New Aug 5-9";;
437654;1;"New Aug 5-9";;
440257;1;"New Aug 5-9";;
446469;0;"New Aug 5-9";;
446731;0;"New Aug 5-9";;
421727;0;"New Aug 5-9";;
442258;0;"New Aug 5-9";;
444470;1;"New Aug 5-9";;
417544;0;"New Aug 5-9";;
417700;0;"New Aug 5-9";;
415215;1;"New Aug 5-9";;
438120;0;"New Aug 5-9";;
427614;0;"New Aug 5-9";;
426849;0;"New Aug 5-9";;
417671;0;"New Aug 5-9";;
436295;1;"New Aug 5-9";;
419949;0;"New Aug 5-9";;
415059;0;"New Aug 5-9";;
438398;0;"New Aug 5-9";;
430386;0;"New Aug 5-9";;
424244;0;"New Aug 5-9";;
448867;1;"New Aug 5-9";;
423183;1;"New Aug 5-9";;
428016;0;"New Aug 5-9";;
444813;0;"New Aug 5-9";;
421121;0;"New Aug 5-9";;
417048;0;"New Aug 5-9";;
444443;0;"New Aug 5-9";;
414427;0;"New Aug 5-9";;
427767;1;"New Aug 5-9";;
422714;0;"New Aug 5-9";;
415288;0;"New Aug 5-9";;
422258;0;"New Aug 5-9";;
426100;1;"New Aug 5-9";;
429194;1;"New Aug 5-9";;
443595;0;"New Aug 5-9";;
429465;0;"New Aug 5-9";;
440722;0;"New Aug 5-9";;
425895;1;"New Aug 5-9";;
434888;0;"New Aug 5-9";;
416493;0;"New Aug 5-9";;
443557;0;"New Aug 5-9";;
446390;0;"New Aug 5-9";;
439653;0;"New Aug 5-9";;
433719;0;"New Aug 5-9";;
429946;1;"New Aug 5-9";;
430896;0;"New Aug 5-9";;
416791;0;"New Aug 5-9";;
431265;0;"New Aug 5-9";;
415787;1;"New Aug 5-9";;
759408;0;"aug19-23";1;
804165;1;"aug19-23";2;
791433;0;"aug19-23";3;
788566;0;"aug19-23";4;
787418;1;"aug19-23";5;
825679;0;"aug19-23";6;
789254;0;"aug19-23";7;
815583;0;"aug19-23";8;
889573;0;"aug19-23";9;
820683;0;"aug19-23";10;
795461;0;"aug19-23";11;
879337;1;"aug19-23";12;
991236;0;"aug19-23";13;
723821;1;"aug19-23";14;
903239;0;"aug19-23";15;
845600;0;"aug19-23";16;
972334;0;"aug19-23";17;
735410;1;"aug19-23";18;
872315;0;"aug19-23";19;
912540;0;"aug19-23";20;
819558;0;"aug19-23";21;
965448;0;"aug19-23";22;
724157;0;"aug19-23";23;
718029;1;"aug19-23";24;
838225;1;"aug19-23";25;
720193;0;"aug19-23";26;
927706;0;"aug19-23";27;
908659;0;"aug19-23";28;
921590;0;"aug19-23";29;
846522;1;"aug19-23";30;
866821;0;"aug19-23";31;
899940;0;"aug19-23";32;
949973;0;"aug19-23";33;
982685;0;"aug19-23";34;
739631;1;"aug19-23";35;
991866;0;"aug19-23";36;
787688;0;"aug19-23";37;
771959;0;"aug19-23";38;
745315;0;"aug19-23";39;
812484;1;"aug19-23";40;
719179;0;"aug19-23";41;
821162;0;"aug19-23";42;
911242;1;"aug19-23";43;
802451;0;"aug19-23";44;
873820;0;"aug19-23";45;
878482;0;"aug19-23";46;
971877;1;"aug19-23";47;
731866;0;"aug19-23";48;
724047;0;"aug19-23";49;
734993;0;"aug19-23";50;
740439;1;"aug19-23";51;
834777;0;"aug19-23";52;
775562;1;"aug19-23";53;
996750;0;"aug19-23";54;
798803;0;"aug19-23";55;
744262;0;"aug19-23";56;
909795;0;"aug19-23";57;
867949;0;"aug19-23";58;
782966;1;"aug19-23";59;
721885;0;"aug19-23";60;
814927;0;"aug19-23";61;
731340;1;"aug19-23";62;
717382;0;"aug19-23";63;
729033;0;"aug19-23";64;
732725;0;"aug19-23";65;
927306;1;"aug19-23";66;
986098;0;"aug19-23";67;
778270;0;"aug19-23";68;
955444;1;"aug19-23";69;
810339;0;"aug19-23";70;
839200;0;"aug19-23";71;
814035;0;"aug19-23";72;
952423;0;"aug19-23";73;
752850;1;"aug19-23";74;
875249;0;"aug19-23";75;
815164;0;"aug19-23";76;
813102;1;"aug19-23";77;
887442;0;"aug19-23";78;
715197;0;"aug19-23";79;
955755;0;"aug19-23";80;
807733;0;"aug19-23";81;
781835;0;"aug19-23";82;
868753;1;"aug19-23";83;
957748;0;"aug19-23";84;
863150;0;"aug19-23";85;
845223;1;"aug19-23";86;
854247;0;"aug19-23";87;
957841;0;"aug19-23";88;
780391;0;"aug19-23";89;
864850;0;"aug19-23";90;
991399;0;"aug19-23";91;
923697;1;"aug19-23";92;
987520;0;"aug19-23";93;
926323;0;"aug19-23";94;
809570;0;"aug19-23";95;
875191;1;"aug19-23";96;
798618;1;"aug19-23";97;
849627;0;"aug19-23";98;
808275;0;"aug19-23";99;
910374;0;"aug19-23";100;
921517;0;"aug19-23";101;
981312;1;"aug19-23";102;
854671;0;"aug19-23";103;
959753;0;"aug19-23";104;
776513;0;"aug19-23";105;
956298;1;"aug19-23";106;
732857;0;"aug19-23";107;
981563;0;"aug19-23";108;
901934;0;"aug19-23";109;
919870;0;"aug19-23";110;
822621;0;"aug19-23";111;
951401;1;"aug19-23";112;
964422;0;"aug19-23";113;
902457;1;"aug19-23";114;
908025;0;"aug19-23";115;
806606;0;"aug19-23";116;
890688;1;"aug19-23";117;
784296;0;"aug19-23";118;
973008;0;"aug19-23";119;
890384;0;"aug19-23";120;
807947;0;"aug19-23";121;
835500;0;"aug19-23";122;
834323;1;"aug19-23";123;
813830;0;"aug19-23";124;
847112;0;"aug19-23";125;
949861;0;"aug19-23";126;
905418;1;"aug19-23";127;
809658;0;"aug19-23";128;
838310;0;"aug19-23";129;
873196;0;"aug19-23";130;
978115;1;"aug19-23";131;
714212;0;"aug19-23";132;
854474;1;"aug19-23";133;
727212;0;"aug19-23";134;
952281;0;"aug19-23";135;
764470;0;"aug19-23";136;
970137;0;"aug19-23";137;
727845;0;"aug19-23";138;
760476;0;"aug19-23";139;
915809;1;"aug19-23";140;
841156;0;"aug19-23";141;
905295;1;"aug19-23";142;
775522;0;"aug19-23";143;
714899;0;"aug19-23";144;
736152;0;"aug19-23";145;
961301;1;"aug19-23";146;
919350;0;"aug19-23";147;
915149;0;"aug19-23";148;
859462;0;"aug19-23";149;
887150;0;"aug19-23";150;
894283;1;"aug19-23";151;
999603;0;"aug19-23";152;
731789;1;"aug19-23";153;
873965;0;"aug19-23";154;
762482;0;"aug19-23";155;
905239;0;"aug19-23";156;
943356;0;"aug19-23";157;
990997;1;"aug19-23";158;
861361;0;"aug19-23";159;
759051;0;"aug19-23";160;
875098;0;"aug19-23";161;
759609;0;"aug19-23";162;
748729;0;"aug19-23";163;
830236;1;"aug19-23";164;
788961;0;"aug19-23";165;
712811;0;"aug19-23";166;
822425;0;"aug19-23";167;
943419;1;"aug19-23";168;
939548;1;"aug19-23";169;
796423;0;"aug19-23";170;
771413;0;"aug19-23";171;
968995;0;"aug19-23";172;
724186;0;"aug19-23";173;
790075;1;"aug19-23";174;
894800;0;"aug19-23";175;
777614;0;"aug19-23";176;
834862;1;"aug19-23";177;
998109;0;"aug19-23";178;
985645;0;"aug19-23";179;
722624;0;"aug19-23";180;
903280;0;"aug19-23";181;
869690;1;"aug19-23";182;
928872;0;"aug19-23";183;
790835;0;"aug19-23";184;
771853;0;"aug19-23";185;
967642;0;"aug19-23";186;
874898;0;"aug19-23";187;
982713;1;"aug19-23";188;
911817;1;"aug19-23";189;
763585;0;"aug19-23";190;
985844;0;"aug19-23";191;
851657;0;"aug19-23";192;
943830;0;"aug19-23";193;
857161;0;"aug19-23";194;
953697;0;"aug19-23";195;
858427;1;"aug19-23";196;
888913;0;"aug19-23";197;
978316;0;"aug19-23";198;
923886;0;"aug19-23";199;
994422;1;"aug19-23";200;
716699;1;"aug19-23";201;
982152;0;"aug19-23";202;
931928;0;"aug19-23";203;
899024;0;"aug19-23";204;
742902;1;"aug19-23";205;
865782;0;"aug19-23";206;
720856;0;"aug19-23";207;
813138;0;"aug19-23";208;
843674;1;"aug19-23";209;
774248;0;"aug19-23";210;
895065;0;"aug19-23";211;
857271;0;"aug19-23";212;
724678;0;"aug19-23";213;
868395;1;"aug19-23";214;
932444;0;"aug19-23";215;
750009;0;"aug19-23";216;
786226;0;"aug19-23";217;
993050;0;"aug19-23";218;
907921;0;"aug19-23";219;
822285;1;"aug19-23";220;
941740;0;"aug19-23";221;
733599;1;"aug19-23";222;
742905;0;"aug19-23";223;
910964;0;"aug19-23";224;
841742;0;"aug19-23";225;
820162;1;"aug19-23";226;
849887;0;"aug19-23";227;
814822;0;"aug19-23";228;
919723;0;"aug19-23";229;
890211;1;"aug19-23";230;
917740;0;"aug19-23";231;
879147;0;"aug19-23";232;
728052;0;"aug19-23";233;
803391;0;"aug19-23";234;
923264;1;"aug19-23";235;
913638;0;"aug19-23";236;
965441;0;"aug19-23";237;
731234;0;"aug19-23";238;
917343;0;"aug19-23";239;
905046;1;"aug19-23";240;
729619;0;"aug19-23";241;
829224;1;"aug19-23";242;
759290;0;"aug19-23";243;
889298;0;"aug19-23";244;
828974;1;"aug19-23";245;
851800;0;"aug19-23";246;
788992;0;"aug19-23";247;
896659;0;"aug19-23";248;
938874;0;"aug19-23";249;
783525;1;"aug19-23";250;
871490;0;"aug19-23";251;
982573;0;"aug19-23";252;
726842;0;"aug19-23";253;
829458;0;"aug19-23";254;
979535;0;"aug19-23";255;
896415;1;"aug19-23";256;
814158;0;"aug19-23";257;
989062;0;"aug19-23";258;
785289;0;"aug19-23";259;
934038;1;"aug19-23";260;
942935;0;"aug19-23";261;
889934;1;"aug19-23";262;
762077;0;"aug19-23";263;
762709;0;"aug19-23";264;
772333;0;"aug19-23";265;
731014;0;"aug19-23";266;
901537;0;"aug19-23";267;
771779;1;"aug19-23";268;
898256;1;"aug19-23";269;
915327;0;"aug19-23";270;
931999;0;"aug19-23";271;
872988;0;"aug19-23";272;
989983;0;"aug19-23";273;
732561;1;"aug19-23";274;
840762;0;"aug19-23";275;
895287;0;"aug19-23";276;
953680;0;"aug19-23";277;
966867;1;"aug19-23";278;
966190;0;"aug19-23";279;
847131;0;"aug19-23";280;
713357;0;"aug19-23";281;
844148;0;"aug19-23";282;
894356;1;"aug19-23";283;
791469;0;"aug19-23";284;
789251;1;"aug19-23";285;
950205;0;"aug19-23";286;
759508;0;"aug19-23";287;
840766;0;"aug19-23";288;
873845;0;"aug19-23";289;
965938;0;"aug19-23";290;
911589;1;"aug19-23";291;
968391;0;"aug19-23";292;
932240;0;"aug19-23";293;
862625;0;"aug19-23";294;
728015;1;"aug19-23";295;
825172;0;"aug19-23";296;
796137;0;"aug19-23";297;
925707;0;"aug19-23";298;
803589;1;"aug19-23";299;
970443;0;"aug19-23";300;
846014;1;"aug19-23";301;
832267;0;"aug19-23";302;
756568;0;"aug19-23";303;
821313;0;"aug19-23";304;
856999;1;"aug19-23";305;
859452;0;"aug19-23";306;
876531;0;"aug19-23";307;
793272;0;"aug19-23";308;
871073;1;"aug19-23";309;
806642;0;"aug19-23";310;
841442;0;"aug19-23";311;
812667;0;"aug19-23";312;
875009;0;"aug19-23";313;
837341;1;"aug19-23";314;
853555;0;"aug19-23";315;
719580;0;"aug19-23";316;
998818;0;"aug19-23";317;
970273;0;"aug19-23";318;
885189;0;"aug19-23";319;
859350;1;"aug19-23";320;
767580;0;"aug19-23";321;
850799;0;"aug19-23";322;
831620;0;"aug19-23";323;
997208;1;"aug19-23";324;
749036;0;"aug19-23";325;
879008;0;"aug19-23";326;
912313;0;"aug19-23";327;
857317;1;"aug19-23";328;
878475;0;"Aug24-28";1;
910142;1;"Aug24-28";2;
875392;0;"Aug24-28";3;
839250;0;"Aug24-28";4;
754519;1;"Aug24-28";5;
835890;0;"Aug24-28";6;
745050;0;"Aug24-28";7;
896636;0;"Aug24-28";8;
889266;0;"Aug24-28";9;
786461;0;"Aug24-28";10;
912282;0;"Aug24-28";11;
900349;1;"Aug24-28";12;
975022;0;"Aug24-28";13;
763411;1;"Aug24-28";14;
839339;0;"Aug24-28";15;
943473;0;"Aug24-28";16;
902547;0;"Aug24-28";17;
729272;1;"Aug24-28";18;
938764;0;"Aug24-28";19;
798399;0;"Aug24-28";20;
890265;0;"Aug24-28";21;
816182;0;"Aug24-28";22;
875187;0;"Aug24-28";23;
943611;1;"Aug24-28";24;
877602;1;"Aug24-28";25;
823862;0;"Aug24-28";26;
757010;0;"Aug24-28";27;
869774;0;"Aug24-28";28;
765209;0;"Aug24-28";29;
858582;1;"Aug24-28";30;
821901;0;"Aug24-28";31;
791289;0;"Aug24-28";32;
999580;0;"Aug24-28";33;
751340;0;"Aug24-28";34;
834083;1;"Aug24-28";35;
734094;0;"Aug24-28";36;
851471;0;"Aug24-28";37;
894031;0;"Aug24-28";38;
928557;0;"Aug24-28";39;
829677;1;"Aug24-28";40;
744954;0;"Aug24-28";41;
923352;0;"Aug24-28";42;
770008;1;"Aug24-28";43;
836278;0;"Aug24-28";44;
926141;0;"Aug24-28";45;
864885;0;"Aug24-28";46;
901536;1;"Aug24-28";47;
744700;0;"Aug24-28";48;
806422;0;"Aug24-28";49;
857557;0;"Aug24-28";50;
850291;1;"Aug24-28";51;
836335;0;"Aug24-28";52;
915215;1;"Aug24-28";53;
902793;0;"Aug24-28";54;
904063;0;"Aug24-28";55;
826547;0;"Aug24-28";56;
893737;0;"Aug24-28";57;
799753;0;"Aug24-28";58;
724149;1;"Aug24-28";59;
870818;0;"Aug24-28";60;
831905;0;"Aug24-28";61;
880029;1;"Aug24-28";62;
756253;0;"Aug24-28";63;
727840;0;"Aug24-28";64;
881636;0;"Aug24-28";65;
876673;1;"Aug24-28";66;
827844;0;"Aug24-28";67;
850845;0;"Aug24-28";68;
920869;1;"Aug24-28";69;
773088;0;"Aug24-28";70;
977384;0;"Aug24-28";71;
987273;0;"Aug24-28";72;
766430;0;"Aug24-28";73;
764967;1;"Aug24-28";74;
738210;0;"Aug24-28";75;
800228;0;"Aug24-28";76;
957760;1;"Aug24-28";77;
832900;0;"Aug24-28";78;
754453;0;"Aug24-28";79;
865582;0;"Aug24-28";80;
717844;0;"Aug24-28";81;
920252;0;"Aug24-28";82;
794915;1;"Aug24-28";83;
994297;0;"Aug24-28";84;
889588;0;"Aug24-28";85;
915553;1;"Aug24-28";86;
937397;0;"Aug24-28";87;
783027;0;"Aug24-28";88;
858672;0;"Aug24-28";89;
728921;0;"Aug24-28";90;
745043;0;"Aug24-28";91;
731978;1;"Aug24-28";92;
758485;0;"Aug24-28";93;
988225;0;"Aug24-28";94;
960436;0;"Aug24-28";95;
747842;1;"Aug24-28";96;
764375;1;"Aug24-28";97;
811161;0;"Aug24-28";98;
741764;0;"Aug24-28";99;
973934;0;"Aug24-28";100;
799945;0;"Aug24-28";101;
869800;1;"Aug24-28";102;
810312;0;"Aug24-28";103;
907421;0;"Aug24-28";104;
760259;0;"Aug24-28";105;
954527;1;"Aug24-28";106;
895744;0;"Aug24-28";107;
905857;0;"Aug24-28";108;
952559;0;"Aug24-28";109;
789362;0;"Aug24-28";110;
824215;0;"Aug24-28";111;
933312;1;"Aug24-28";112;
837376;0;"Aug24-28";113;
762692;1;"Aug24-28";114;
827705;0;"Aug24-28";115;
994930;0;"Aug24-28";116;
814143;1;"Aug24-28";117;
965885;0;"Aug24-28";118;
801735;0;"Aug24-28";119;
776101;0;"Aug24-28";120;
846875;0;"Aug24-28";121;
970977;1;"Aug24-28";122;
742420;0;"Aug24-28";123;
728767;0;"Aug24-28";124;
863397;0;"Aug24-28";125;
785513;0;"Aug24-28";126;
850071;1;"Aug24-28";127;
795706;0;"Aug24-28";128;
814314;0;"Aug24-28";129;
863230;0;"Aug24-28";130;
726239;1;"Aug24-28";131;
872157;0;"Aug24-28";132;
948018;1;"Aug24-28";133;
813707;0;"Aug24-28";134;
988170;0;"Aug24-28";135;
782777;0;"Aug24-28";136;
862691;0;"Aug24-28";137;
816377;0;"Aug24-28";138;
795226;0;"Aug24-28";139;
875961;1;"Aug24-28";140;
741741;0;"Aug24-28";141;
883468;1;"Aug24-28";142;
922256;0;"Aug24-28";143;
910694;0;"Aug24-28";144;
880128;0;"Aug24-28";145;
948589;1;"Aug24-28";146;
841064;0;"Aug24-28";147;
842027;0;"Aug24-28";148;
903978;0;"Aug24-28";149;
804918;0;"Aug24-28";150;
901762;1;"Aug24-28";151;
825835;0;"Aug24-28";152;
715422;1;"Aug24-28";153;
726355;0;"Aug24-28";154;
844410;0;"Aug24-28";155;
835870;0;"Aug24-28";156;
871028;0;"Aug24-28";157;
820816;1;"Aug24-28";158;
897097;0;"Aug24-28";159;
922370;0;"Aug24-28";160;
893571;0;"Aug24-28";161;
718178;0;"Aug24-28";162;
934317;0;"Aug24-28";163;
766398;1;"Aug24-28";164;
786007;0;"Aug24-28";165;
730419;0;"Aug24-28";166;
878062;0;"Aug24-28";167;
714833;1;"Aug24-28";168;
751142;1;"Aug24-28";169;
850775;0;"Aug24-28";170;
944291;0;"Aug24-28";171;
959654;0;"Aug24-28";172;
763776;0;"Aug24-28";173;
990851;1;"Aug24-28";174;
728775;0;"Aug24-28";175;
799787;0;"Aug24-28";176;
743487;1;"Aug24-28";177;
814141;0;"Aug24-28";178;
913346;0;"Aug24-28";179;
748901;0;"Aug24-28";180;
826974;0;"Aug24-28";181;
835053;1;"Aug24-28";182;
995798;0;"Aug24-28";183;
874756;0;"Aug24-28";184;
789707;0;"Aug24-28";185;
854709;0;"Aug24-28";186;
888171;0;"Aug24-28";187;
817310;1;"Aug24-28";188;
894057;1;"Aug24-28";189;
886464;0;"Aug24-28";190;
847946;0;"Aug24-28";191;
737241;0;"Aug24-28";192;
975889;0;"Aug24-28";193;
980113;0;"Aug24-28";194;
755649;0;"Aug24-28";195;
718642;1;"Aug24-28";196;
847394;0;"Aug24-28";197;
850859;0;"Aug24-28";198;
916692;0;"Aug24-28";199;
902974;1;"Aug24-28";200;
941168;1;"Aug24-28";201;
985770;0;"Aug24-28";202;
906902;0;"Aug24-28";203;
907877;0;"Aug24-28";204;
781465;1;"Aug24-28";205;
772290;0;"Aug24-28";206;
923406;0;"Aug24-28";207;
992756;0;"Aug24-28";208;
959111;1;"Aug24-28";209;
908892;0;"Aug24-28";210;
866412;0;"Aug24-28";211;
851010;0;"Aug24-28";212;
740082;0;"Aug24-28";213;
892204;1;"Aug24-28";214;
769149;0;"Aug24-28";215;
725208;0;"Aug24-28";216;
895138;0;"Aug24-28";217;
724478;0;"Aug24-28";218;
858393;0;"Aug24-28";219;
963853;1;"Aug24-28";220;
761794;0;"Aug24-28";221;
975826;1;"Aug24-28";222;
890173;0;"Aug24-28";223;
945629;0;"Aug24-28";224;
771624;0;"Aug24-28";225;
758622;1;"Aug24-28";226;
998900;0;"Aug24-28";227;
955867;0;"Aug24-28";228;
973910;0;"Aug24-28";229;
904781;1;"Aug24-28";230;
918414;0;"Aug24-28";231;
754820;0;"Aug24-28";232;
991150;0;"Aug24-28";233;
914574;0;"Aug24-28";234;
928427;1;"Aug24-28";235;
746753;0;"Aug24-28";236;
972173;0;"Aug24-28";237;
954956;0;"Aug24-28";238;
935948;0;"Aug24-28";239;
968723;1;"Aug24-28";240;
915585;0;"Aug24-28";241;
906019;1;"Aug24-28";242;
758074;0;"Aug24-28";243;
990495;0;"Aug24-28";244;
959252;1;"Aug24-28";245;
825882;0;"Aug24-28";246;
767009;0;"Aug24-28";247;
911587;0;"Aug24-28";248;
899011;0;"Aug24-28";249;
887457;1;"Aug24-28";250;
822410;0;"Aug24-28";251;
888730;0;"Aug24-28";252;
858707;0;"Aug24-28";253;
874580;0;"Aug24-28";254;
877416;0;"Aug24-28";255;
930930;1;"Aug24-28";256;
862909;0;"Aug24-28";257;
792811;0;"Aug24-28";258;
968291;0;"Aug24-28";259;
827576;1;"Aug24-28";260;
884390;0;"Aug24-28";261;
736802;1;"Aug24-28";262;
756457;0;"Aug24-28";263;
945044;0;"Aug24-28";264;
943098;0;"Aug24-28";265;
792513;0;"Aug24-28";266;
756092;0;"Aug24-28";267;
759892;1;"Aug24-28";268;
788717;1;"Aug24-28";269;
946055;0;"Aug24-28";270;
796180;0;"Aug24-28";271;
939070;0;"Aug24-28";272;
892520;0;"Aug24-28";273;
748732;1;"Aug24-28";274;
871140;0;"Aug24-28";275;
860288;0;"Aug24-28";276;
838305;0;"Aug24-28";277;
863545;1;"Aug24-28";278;
810402;0;"Aug24-28";279;
767938;0;"Aug24-28";280;
749003;0;"Aug24-28";281;
935148;0;"Aug24-28";282;
937220;1;"Aug24-28";283;
984169;0;"Aug24-28";284;
733615;1;"Aug24-28";285;
974517;0;"Aug24-28";286;
776888;0;"Aug24-28";287;
723545;0;"Aug24-28";288;
746539;0;"Aug24-28";289;
894147;0;"Aug24-28";290;
789836;1;"Aug24-28";291;
999449;0;"Aug24-28";292;
815530;0;"Aug24-28";293;
994367;0;"Aug24-28";294;
828390;1;"Aug24-28";295;
943616;0;"Aug24-28";296;
821780;0;"Aug24-28";297;
855265;0;"Aug24-28";298;
832575;1;"Aug24-28";299;
967290;0;"Aug24-28";300;
768732;1;"Aug24-28";301;
833207;0;"Aug24-28";302;
754349;0;"Aug24-28";303;
975772;0;"Aug24-28";304;
714692;1;"Aug24-28";305;
717984;0;"Aug24-28";306;
911405;0;"Aug24-28";307;
795448;0;"Aug24-28";308;
883934;1;"Aug24-28";309;
896230;0;"Aug24-28";310;
785257;0;"Aug24-28";311;
882296;0;"Aug24-28";312;
871220;0;"Aug24-28";313;
878890;1;"Aug24-28";314;
953113;0;"Aug24-28";315;
785643;0;"Aug24-28";316;
945013;0;"Aug24-28";317;
858025;0;"Aug24-28";318;
901136;0;"Aug24-28";319;
740476;1;"Aug24-28";320;
975925;0;"Aug24-28";321;
913089;0;"Aug24-28";322;
932949;0;"Aug24-28";323;
828769;1;"Aug24-28";324;
796296;0;"Aug24-28";325;
723408;0;"Aug24-28";326;
867583;0;"Aug24-28";327;
930785;1;"Aug24-28";328;
781082;1;"Aug24-28";329;
821355;0;"Aug24-28";330;
972627;0;"Aug24-28";331;
963811;0;"Aug24-28";332;
964086;0;"Aug24-28";333;
867853;0;"Aug24-28";334;
973562;0;"Aug24-28";335;
786940;1;"Aug24-28";336;
779344;0;"Aug24-28";337;
996764;0;"Aug24-28";338;
715834;0;"Aug24-28";339;
910473;1;"Aug24-28";340;
915436;0;"Aug24-28";341;
986728;0;"Aug24-28";342;
928105;0;"Aug24-28";343;
732801;1;"Aug24-28";344;
914239;0;"Aug24-28";345;
875965;1;"Aug24-28";346;
939829;0;"Aug24-28";347;
859883;0;"Aug24-28";348;
951128;0;"Aug24-28";349;
831028;0;"Aug24-28";350;
773430;0;"Aug24-28";351;
733863;1;"Aug24-28";352;
772498;0;"Aug24-28";353;
914647;1;"Aug24-28";354;
940998;0;"Aug24-28";355;
989556;0;"Aug24-28";356;
857198;0;"Aug24-28";357;
789028;0;"Aug24-28";358;
840161;0;"Aug24-28";359;
907432;1;"Aug24-28";360;
746963;0;"Aug24-28";361;
804844;0;"Aug24-28";362;
837533;0;"Aug24-28";363;
980194;1;"Aug24-28";364;
880482;0;"Aug24-28";365;
732906;1;"Aug24-28";366;
718799;0;"Aug24-28";367;
714910;0;"Aug24-28";368;
854161;0;"Aug24-28";369;
745004;0;"Aug24-28";370;
883842;1;"Aug24-28";371;
885264;0;"Aug24-28";372;
799048;1;"Aug24-28";373;
745399;0;"Aug24-28";374;
998206;0;"Aug24-28";375;
866293;0;"Aug24-28";376;
739966;0;"Aug24-28";377;
934017;1;"Aug24-28";378;
737641;0;"Aug24-28";379;
811415;0;"Aug24-28";380;
938947;0;"Aug24-28";381;
941618;0;"Aug24-28";382;
825032;1;"Aug24-28";383;
886804;0;"Aug24-28";384;
850569;0;"Aug24-28";385;
822667;1;"Aug24-28";386;
991825;0;"Aug24-28";387;
736176;0;"Aug24-28";388;
752021;0;"Aug24-28";389;
763251;0;"Aug24-28";390;
740292;1;"Aug24-28";391;
995297;0;"Aug24-28";392;
861655;0;"Aug24-28";393;
769146;0;"Aug24-28";394;
714732;1;"Aug24-28";395;
927252;0;"Aug24-28";396;
895920;0;"Aug24-28";397;
782031;0;"Aug24-28";398;
792656;1;"Aug24-28";399;
960736;0;"Aug24-28";400;
901961;0;"Aug24-28";401;
921526;1;"Aug24-28";402;
965086;0;"Aug24-28";403;
908520;0;"Aug24-28";404;
825727;0;"Aug24-28";405;
881312;0;"Aug24-28";406;
762515;1;"Aug24-28";407;
806110;0;"Aug24-28";408;
961358;1;"Aug24-28";409;
946254;0;"Aug24-28";410;
945531;0;"Aug24-28";411;
946372;0;"Aug24-28";412;
917541;0;"Aug24-28";413;
836726;0;"Aug24-28";414;
884512;1;"Aug24-28";415;
778419;0;"Aug24-28";416;
878727;0;"Aug24-28";417;
789303;0;"Aug24-28";418;
799925;1;"Aug24-28";419;
807017;0;"Aug24-28";420;
995111;0;"Aug24-28";421;
882806;1;"Aug24-28";422;
854408;0;"Aug24-28";423;
788038;0;"Aug24-28";424;
895465;0;"Aug24-28";425;
969897;1;"Aug24-28";426;
825770;0;"Aug24-28";427;
774857;0;"Aug24-28";428;
869946;1;"Aug24-28";429;
801467;0;"Aug24-28";430;
735079;0;"Aug24-28";431;
891688;0;"Aug24-28";432;
941954;0;"Aug24-28";433;
978658;0;"Aug24-28";434;
752538;1;"Aug24-28";435;
789053;0;"Aug24-28";436;
810504;0;"Aug24-28";437;
742612;1;"Aug24-28";438;
832281;0;"Aug24-28";439;
725649;0;"Aug24-28";440;
923397;0;"Aug24-28";441;
752326;1;"Aug24-28";442;
794968;0;"Aug24-28";443;
818656;0;"Aug24-28";444;
790973;1;"Aug24-28";445;
730643;0;"Aug24-28";446;
846947;0;"Aug24-28";447;
757912;0;"Aug24-28";448;
891473;0;"Aug24-28";449;
776518;0;"Aug24-28";450;
796863;1;"Aug24-28";451;
778450;0;"Aug24-28";452;
893921;0;"Aug24-28";453;
772712;1;"Aug24-28";454;
983910;0;"Aug24-28";455;
820817;0;"Aug24-28";456;
923168;0;"Aug24-28";457;
754726;0;"Aug24-28";458;
756586;0;"Aug24-28";459;
948507;1;"Aug24-28";460;
998182;0;"Aug24-28";461;
967541;1;"Aug24-28";462;
865180;0;"Aug24-28";463;
950298;0;"Aug24-28";464;
887670;0;"Aug24-28";465;
880834;1;"Aug24-28";466;
919543;0;"Aug24-28";467;
768100;0;"Aug24-28";468;
831799;0;"Aug24-28";469;
797935;0;"Aug24-28";470;
797417;0;"Aug24-28";471;
712417;1;"Aug24-28";472;
929479;0;"Aug24-28";473;
907045;1;"Aug24-28";474;
845488;0;"Aug24-28";475;
850311;0;"Aug24-28";476;
966475;0;"Aug24-28";477;
889165;1;"Aug24-28";478;
810251;0;"Aug24-28";479;
748859;0;"Aug24-28";480;
978862;1;"Aug24-28";481;
900678;0;"Aug24-28";482;
957575;0;"Aug24-28";483;
766387;0;"Aug24-28";484;
799381;1;"Aug24-28";485;
807052;0;"Aug24-28";486;
720637;0;"Aug24-28";487;
852314;0;"Aug24-28";488;
836944;0;"Aug24-28";489;
751477;1;"Aug24-28";490;
947028;0;"Aug24-28";491;
754181;0;"Aug24-28";492;
858661;0;"Aug24-28";493;
924257;0;"Aug24-28";494;
810902;1;"Aug24-28";495;
748488;0;"Aug24-28";496;
728671;0;"Aug24-28";497;
740796;1;"Aug24-28";498;
985411;0;"Aug24-28";499;
906547;0;"Aug24-28";500;
732181;0;"Aug24-28";501;
921809;1;"Aug24-28";502;
766393;0;"Aug24-28";503;
916038;0;"Aug24-28";504;
850544;0;"Aug24-28";505;
953431;0;"Aug24-28";506;
837514;0;"Aug24-28";507;
960059;1;"Aug24-28";508;
962655;0;"Aug24-28";509;
796961;0;"Aug24-28";510;
919033;0;"Aug24-28";511;
847704;1;"Aug24-28";512;
813169;0;"Aug24-28";513;
836676;0;"Aug24-28";514;
957084;0;"Aug24-28";515;
999808;1;"Aug24-28";516;
927838;1;"Aug24-28";517;
827742;0;"Aug24-28";518;
997641;0;"Aug24-28";519;
857409;0;"Aug24-28";520;
813548;0;"Aug24-28";521;
858372;0;"Aug24-28";522;
802227;1;"Aug24-28";523;
879038;0;"Aug24-28";524;
905069;0;"Aug24-28";525;
756041;1;"Aug24-28";526;
862785;0;"Aug24-28";527;
953255;0;"Aug24-28";528;
978503;0;"Aug24-28";529;
808631;0;"Aug24-28";530;
897802;1;"Aug24-28";531;
826781;0;"Aug24-28";532;
770366;0;"Aug24-28";533;
824163;0;"Aug24-28";534;
872109;1;"Aug24-28";535;
723776;0;"Aug24-28";536;
857980;0;"Aug24-28";537;
868002;0;"Aug24-28";538;
861233;0;"Aug24-28";539;
898425;1;"Aug24-28";540;
798614;0;"Aug24-28";541;
755679;1;"Aug24-28";542;
744621;0;"Aug24-28";543;
804914;0;"Aug24-28";544;
831255;0;"Aug24-28";545;
993555;0;"Aug24-28";546;
925866;1;"Aug24-28";547;
735596;0;"Aug24-28";548;
898390;0;"Aug24-28";549;
897651;1;"Aug24-28";550;
754464;0;"Aug24-28";551;
813968;0;"Aug24-28";552;
932548;0;"Aug24-28";553;
862308;1;"Aug24-28";554;
760400;0;"Aug24-28";555;
885954;0;"Aug24-28";556;
727610;0;"Aug24-28";557;
895881;0;"Aug24-28";558;
814636;1;"Aug24-28";559;
790198;0;"Aug24-28";560;
728807;0;"Aug24-28";561;
957428;0;"Aug24-28";562;
961092;0;"Aug24-28";563;
964710;1;"Aug24-28";564;
906858;0;"Aug24-28";565;
839413;0;"Aug24-28";566;
849688;1;"Aug24-28";567;
884514;0;"Aug24-28";568;
790159;0;"Aug24-28";569;
852063;1;"Aug24-28";570;
871457;0;"Aug24-28";571;
942436;0;"Aug24-28";572;
729042;1;"Aug24-28";573;
965090;0;"Aug24-28";574;
750586;0;"Aug24-28";575;
728663;0;"Aug24-28";576;
899948;1;"Aug24-28";577;
885493;0;"Aug24-28";578;
838871;0;"Aug24-28";579;
984796;0;"Aug24-28";580;
780417;0;"Aug24-28";581;
975030;0;"Aug24-28";582;
865714;0;"Aug24-28";583;
849196;1;"Aug24-28";584;
866478;0;"Aug24-28";585;
841399;1;"Aug24-28";586;
980703;0;"Aug24-28";587;
807142;0;"Aug24-28";588;
837646;0;"Aug24-28";589;
954760;1;"Aug24-28";590;
889701;0;"Aug24-28";591;
796744;0;"Aug24-28";592;
953145;0;"Aug24-28";593;
816145;0;"Aug24-28";594;
973693;1;"Aug24-28";595;
729509;0;"Aug24-28";596;
736805;0;"Aug24-28";597;
773880;0;"Aug24-28";598;
836790;1;"Aug24-28";599;
814522;0;"Aug24-28";600;
741519;0;"Aug24-28";601;
907243;0;"Aug24-28";602;
849716;0;"Aug24-28";603;
936305;1;"Aug24-28";604;
763579;0;"Aug24-28";605;
963780;1;"Aug24-28";606;
953629;0;"Aug24-28";607;
997471;0;"Aug24-28";608;
779269;0;"Aug24-28";609;
738908;0;"Aug24-28";610;
839415;0;"Aug24-28";611;
982380;1;"Aug24-28";612;
774738;0;"Aug24-28";613;
947495;1;"Aug24-28";614;
950166;0;"Aug24-28";615;
882603;0;"Aug24-28";616;
793528;0;"Aug24-28";617;
776481;1;"Aug24-28";618;
965967;0;"Aug24-28";619;
796097;0;"Aug24-28";620;
784739;0;"Aug24-28";621;
924247;1;"Aug24-28";622;
725163;0;"Aug24-28";623;
757159;0;"Aug24-28";624;
979007;0;"Aug24-28";625;
837361;0;"Aug24-28";626;
875550;1;"Aug24-28";627;
762437;0;"Aug24-28";628;
933055;0;"Aug24-28";629;
838697;0;"Aug24-28";630;
807579;0;"Aug24-28";631;
865265;1;"Aug24-28";632;
860581;1;"Aug24-28";633;
770605;0;"Aug24-28";634;
750597;0;"Aug24-28";635;
842298;0;"Aug24-28";636;
833392;0;"Aug24-28";637;
867703;1;"Aug24-28";638;
807000;0;"Aug24-28";639;
806478;0;"Aug24-28";640;
945224;0;"Aug24-28";641;
870231;0;"Aug24-28";642;
772016;1;"Aug24-28";643;
769684;0;"Aug24-28";644;
966695;0;"Aug24-28";645;
737939;0;"Aug24-28";646;
854270;0;"Aug24-28";647;
916181;1;"Aug24-28";648;
943863;0;"Sep 21-25";1;
809823;1;"Sep 21-25";2;
983273;0;"Sep 21-25";3;
851468;0;"Sep 21-25";4;
797460;1;"Sep 21-25";5;
725071;0;"Sep 21-25";6;
729796;0;"Sep 21-25";7;
873674;0;"Sep 21-25";8;
784836;0;"Sep 21-25";9;
848045;0;"Sep 21-25";10;
892256;0;"Sep 21-25";11;
952751;1;"Sep 21-25";12;
733946;0;"Sep 21-25";13;
928709;1;"Sep 21-25";14;
941557;0;"Sep 21-25";15;
923614;0;"Sep 21-25";16;
932236;0;"Sep 21-25";17;
784634;1;"Sep 21-25";18;
807661;0;"Sep 21-25";19;
788210;0;"Sep 21-25";20;
742023;0;"Sep 21-25";21;
954707;0;"Sep 21-25";22;
881767;0;"Sep 21-25";23;
812800;1;"Sep 21-25";24;
895622;0;"Sep 21-25";25;
847950;0;"Sep 21-25";26;
937779;1;"Sep 21-25";27;
972203;0;"Sep 21-25";28;
863482;0;"Sep 21-25";29;
770000;0;"Sep 21-25";30;
769286;0;"Sep 21-25";31;
821192;1;"Sep 21-25";32;
930216;0;"Sep 21-25";33;
712805;0;"Sep 21-25";34;
967553;1;"Sep 21-25";35;
900477;0;"Sep 21-25";36;
907227;0;"Sep 21-25";37;
978223;0;"Sep 21-25";38;
924634;1;"Sep 21-25";39;
995941;0;"Sep 21-25";40;
780080;0;"Sep 21-25";41;
973479;0;"Sep 21-25";42;
888108;1;"Sep 21-25";43;
826769;0;"Sep 21-25";44;
968464;0;"Sep 21-25";45;
836247;0;"Sep 21-25";46;
913698;1;"Sep 21-25";47;
809900;0;"Sep 21-25";48;
894902;0;"Sep 21-25";49;
825550;1;"Sep 21-25";50;
760653;0;"Sep 21-25";51;
899100;0;"Sep 21-25";52;
763442;0;"Sep 21-25";53;
745668;1;"Sep 21-25";54;
880476;0;"Sep 21-25";55;
962671;0;"Sep 21-25";56;
979659;1;"Sep 21-25";57;
740136;0;"Sep 21-25";58;
908089;0;"Sep 21-25";59;
923373;0;"Sep 21-25";60;
729331;0;"Sep 21-25";61;
779517;1;"Sep 21-25";62;
845035;0;"Sep 21-25";63;
772181;0;"Sep 21-25";64;
876306;0;"Sep 21-25";65;
863775;0;"Sep 21-25";66;
935367;1;"Sep 21-25";67;
954273;0;"Sep 21-25";68;
719358;0;"Sep 21-25";69;
971432;1;"Sep 21-25";70;
718525;0;"Sep 21-25";71;
785364;0;"Sep 21-25";72;
794179;0;"Sep 21-25";73;
907164;0;"Sep 21-25";74;
941695;0;"Sep 21-25";75;
871813;1;"Sep 21-25";76;
824894;0;"Sep 21-25";77;
824468;0;"Sep 21-25";78;
982427;0;"Sep 21-25";79;
747880;1;"Sep 21-25";80;
854291;1;"Sep 21-25";81;
741820;0;"Sep 21-25";82;
880552;0;"Sep 21-25";83;
913280;0;"Sep 21-25";84;
873760;0;"Sep 21-25";85;
746431;1;"Sep 21-25";86;
886935;0;"Sep 21-25";87;
979384;0;"Sep 21-25";88;
847557;0;"Sep 21-25";89;
995623;0;"Sep 21-25";90;
999133;0;"Sep 21-25";91;
887438;1;"Sep 21-25";92;
979016;0;"Sep 21-25";93;
999146;1;"Sep 21-25";94;
875552;0;"Sep 21-25";95;
889937;0;"Sep 21-25";96;
891257;1;"Sep 21-25";97;
996575;0;"Sep 21-25";98;
895302;0;"Sep 21-25";99;
759876;0;"Sep 21-25";100;
981967;0;"Sep 21-25";101;
724714;1;"Sep 21-25";102;
769179;0;"Sep 21-25";103;
814315;0;"Sep 21-25";104;
863406;0;"Sep 21-25";105;
978575;0;"Sep 21-25";106;
842786;1;"Sep 21-25";107;
767862;0;"Sep 21-25";108;
732150;1;"Sep 21-25";109;
834344;0;"Sep 21-25";110;
848266;0;"Sep 21-25";111;
756003;0;"Sep 21-25";112;
881433;0;"Sep 21-25";113;
864571;0;"Sep 21-25";114;
765294;0;"Sep 21-25";115;
733187;1;"Sep 21-25";116;
917803;0;"Sep 21-25";117;
809809;1;"Sep 21-25";118;
961979;0;"Sep 21-25";119;
923156;0;"Sep 21-25";120;
848671;0;"Sep 21-25";121;
958820;1;"Sep 21-25";122;
941771;0;"Sep 21-25";123;
902365;0;"Sep 21-25";124;
780316;0;"Sep 21-25";125;
825982;0;"Sep 21-25";126;
919625;1;"Sep 21-25";127;
956359;0;"Sep 21-25";128;
903575;0;"Sep 21-25";129;
746926;0;"Sep 21-25";130;
830263;0;"Sep 21-25";131;
962319;1;"Sep 21-25";132;
911960;0;"Sep 21-25";133;
826602;0;"Sep 21-25";134;
888960;0;"Sep 21-25";135;
860710;1;"Sep 21-25";136;
938996;1;"Sep 21-25";137;
991578;0;"Sep 21-25";138;
811746;0;"Sep 21-25";139;
855324;0;"Sep 21-25";140;
998188;0;"Sep 21-25";141;
914172;1;"Sep 21-25";142;
885640;0;"Sep 21-25";143;
973543;0;"Sep 21-25";144;
882611;1;"Sep 21-25";145;
863997;0;"Sep 21-25";146;
796312;0;"Sep 21-25";147;
760510;0;"Sep 21-25";148;
847615;0;"Sep 21-25";149;
870730;0;"Sep 21-25";150;
811152;0;"Sep 21-25";151;
959931;1;"Sep 21-25";152;
912612;1;"Sep 21-25";153;
908294;0;"Sep 21-25";154;
924569;0;"Sep 21-25";155;
845303;0;"Sep 21-25";156;
755549;0;"Sep 21-25";157;
725313;0;"Sep 21-25";158;
842626;0;"Sep 21-25";159;
776560;1;"Sep 21-25";160;
854698;0;"Sep 21-25";161;
846022;0;"Sep 21-25";162;
751700;0;"Sep 21-25";163;
886833;1;"Sep 21-25";164;
770720;1;"Sep 21-25";165;
904011;0;"Sep 21-25";166;
899144;0;"Sep 21-25";167;
863394;0;"Sep 21-25";168;
954851;1;"Sep 21-25";169;
860706;0;"Sep 21-25";170;
852593;0;"Sep 21-25";171;
798169;0;"Sep 21-25";172;
807987;0;"Sep 21-25";173;
858043;1;"Sep 21-25";174;
857700;0;"Sep 21-25";175;
908040;0;"Sep 21-25";176;
828871;0;"Sep 21-25";177;
978913;0;"Sep 21-25";178;
790430;0;"Sep 21-25";179;
864962;1;"Sep 21-25";180;
745201;0;"Sep 21-25";181;
890335;1;"Sep 21-25";182;
962573;0;"Sep 21-25";183;
914452;0;"Sep 21-25";184;
940560;0;"Sep 21-25";185;
715414;1;"Sep 21-25";186;
982811;0;"Sep 21-25";187;
857597;0;"Sep 21-25";188;
864898;0;"Sep 21-25";189;
754420;0;"Sep 21-25";190;
793220;1;"Sep 21-25";191;
900531;0;"Sep 21-25";192;
964458;0;"Sep 21-25";193;
934184;0;"Sep 21-25";194;
825730;0;"Sep 21-25";195;
995435;1;"Sep 21-25";196;
772202;0;"Sep 21-25";197;
752915;1;"Sep 21-25";198;
980777;0;"Sep 21-25";199;
798822;0;"Sep 21-25";200;
967146;1;"Sep 21-25";201;
744024;0;"Sep 21-25";202;
753284;0;"Sep 21-25";203;
907872;0;"Sep 21-25";204;
745310;0;"Sep 21-25";205;
779181;1;"Sep 21-25";206;
716644;0;"Sep 21-25";207;
768226;0;"Sep 21-25";208;
769780;0;"Sep 21-25";209;
729332;0;"Sep 21-25";210;
737260;0;"Sep 21-25";211;
863235;1;"Sep 21-25";212;
917206;0;"Sep 21-25";213;
871992;1;"Sep 21-25";214;
852514;0;"Sep 21-25";215;
758205;0;"Sep 21-25";216;
980829;0;"Sep 21-25";217;
876140;0;"Sep 21-25";218;
747084;0;"Sep 21-25";219;
978766;1;"Sep 21-25";220;
950536;0;"Sep 21-25";221;
884219;1;"Sep 21-25";222;
889024;0;"Sep 21-25";223;
827822;0;"Sep 21-25";224;
917841;0;"Sep 21-25";225;
898289;1;"Sep 21-25";226;
995875;0;"Sep 21-25";227;
812949;0;"Sep 21-25";228;
925900;0;"Sep 21-25";229;
965625;0;"Sep 21-25";230;
946834;1;"Sep 21-25";231;
917302;0;"Sep 21-25";232;
790553;1;"Sep 21-25";233;
960266;0;"Sep 21-25";234;
733211;0;"Sep 21-25";235;
950376;0;"Sep 21-25";236;
783889;0;"Sep 21-25";237;
892242;0;"Sep 21-25";238;
900641;1;"Sep 21-25";239;
855293;0;"Sep 21-25";240;
919112;0;"Sep 21-25";241;
865156;0;"Sep 21-25";242;
745551;1;"Sep 21-25";243;
782214;0;"Sep 21-25";244;
910869;0;"Sep 21-25";245;
949219;0;"Sep 21-25";246;
722407;1;"Sep 21-25";247;
881622;0;"Sep 21-25";248;
901048;1;"Sep 21-25";249;
738187;0;"Sep 21-25";250;
989704;0;"Sep 21-25";251;
852379;0;"Sep 21-25";252;
777360;1;"Sep 21-25";253;
817516;0;"Sep 21-25";254;
974177;0;"Sep 21-25";255;
736006;0;"Sep 21-25";256;
849581;0;"Sep 21-25";257;
842834;1;"Sep 21-25";258;
965363;0;"Sep 21-25";259;
952106;0;"Sep 21-25";260;
951733;0;"Sep 21-25";261;
753432;0;"Sep 21-25";262;
736900;0;"Sep 21-25";263;
900542;1;"Sep 21-25";264;
856992;0;"Sep 21-25";265;
827254;0;"Sep 21-25";266;
724353;0;"Sep 21-25";267;
750898;1;"Sep 21-25";268;
939429;0;"Sep 21-25";269;
792204;0;"Sep 21-25";270;
976743;1;"Sep 21-25";271;
738407;0;"Sep 21-25";272;
949471;0;"Sep 21-25";273;
784309;1;"Sep 21-25";274;
773789;0;"Sep 21-25";275;
906452;0;"Sep 21-25";276;
903143;0;"Sep 21-25";277;
970216;0;"Sep 21-25";278;
998868;1;"Sep 21-25";279;
999928;0;"Sep 21-25";280;
995214;0;"Sep 21-25";281;
827259;0;"Sep 21-25";282;
928228;1;"Sep 21-25";283;
942135;0;"Sep 21-25";284;
720947;0;"Sep 21-25";285;
742131;0;"Sep 21-25";286;
736484;0;"Sep 21-25";287;
979806;1;"Sep 21-25";288;
962406;0;"Sep 21-25";289;
845262;1;"Sep 21-25";290;
826655;0;"Sep 21-25";291;
895734;0;"Sep 21-25";292;
842150;0;"Sep 21-25";293;
731298;0;"Sep 21-25";294;
983778;1;"Sep 21-25";295;
817033;0;"Sep 21-25";296;
845049;0;"Sep 21-25";297;
736445;1;"Sep 21-25";298;
874946;0;"Sep 21-25";299;
870649;0;"Sep 21-25";300;
842900;0;"Sep 21-25";301;
818765;1;"Sep 21-25";302;
944597;0;"Sep 21-25";303;
803386;0;"Sep 21-25";304;
797107;0;"Sep 21-25";305;
912909;0;"Sep 21-25";306;
720373;1;"Sep 21-25";307;
746942;0;"Sep 21-25";308;
860477;0;"Sep 21-25";309;
882672;0;"Sep 21-25";310;
856826;0;"Sep 21-25";311;
936722;1;"Sep 21-25";312;
930384;0;"Sep 21-25";313;
778679;0;"Sep 21-25";314;
943295;1;"Sep 21-25";315;
801494;0;"Sep 21-25";316;
717664;0;"Sep 21-25";317;
759433;1;"Sep 21-25";318;
799178;0;"Sep 21-25";319;
929530;0;"Sep 21-25";320;
783201;1;"Sep 21-25";321;
899919;0;"Sep 21-25";322;
878034;0;"Sep 21-25";323;
920841;0;"Sep 21-25";324;
884325;1;"Sep 21-25";325;
775452;0;"Sep 21-25";326;
998729;0;"Sep 21-25";327;
970221;0;"Sep 21-25";328;
847523;0;"Sep 21-25";329;
974459;0;"Sep 21-25";330;
766571;0;"Sep 21-25";331;
824017;1;"Sep 21-25";332;
903756;0;"Sep 21-25";333;
886153;1;"Sep 21-25";334;
996736;0;"Sep 21-25";335;
963336;0;"Sep 21-25";336;
842535;0;"Sep 21-25";337;
873355;1;"Sep 21-25";338;
958341;0;"Sep 21-25";339;
921149;0;"Sep 21-25";340;
847472;0;"Sep 21-25";341;
749153;0;"Sep 21-25";342;
712445;1;"Sep 21-25";343;
816908;0;"Sep 21-25";344;
840053;0;"Sep 21-25";345;
928813;0;"Sep 21-25";346;
854929;1;"Sep 21-25";347;
940292;0;"Sep 21-25";348;
997147;0;"Sep 21-25";349;
769578;0;"Sep 21-25";350;
838820;0;"Sep 21-25";351;
807345;1;"Sep 21-25";352;
808923;0;"Sep 21-25";353;
780455;1;"Sep 21-25";354;
961222;0;"Sep 21-25";355;
822744;0;"Sep 21-25";356;
907382;0;"Sep 21-25";357;
954412;0;"Sep 21-25";358;
839018;0;"Sep 21-25";359;
758159;1;"Sep 21-25";360;
717882;0;"Sep 21-25";361;
813443;1;"Sep 21-25";362;
762504;0;"Sep 21-25";363;
765397;0;"Sep 21-25";364;
928742;0;"Sep 21-25";365;
974930;1;"Sep 21-25";366;
792223;0;"Sep 21-25";367;
874291;0;"Sep 21-25";368;
991266;0;"Sep 21-25";369;
993821;1;"Sep 21-25";370;
725644;0;"Sep 21-25";371;
986528;0;"Sep 21-25";372;
843576;0;"Sep 21-25";373;
881006;0;"Sep 21-25";374;
752576;1;"Sep 21-25";375;
817221;0;"Sep 21-25";376;
882614;0;"Sep 21-25";377;
895655;0;"Sep 21-25";378;
973454;0;"Sep 21-25";379;
712800;1;"Sep 21-25";380;
982318;1;"Sep 21-25";381;
832388;0;"Sep 21-25";382;
849462;0;"Sep 21-25";383;
869396;0;"Sep 21-25";384;
745106;0;"Sep 21-25";385;
759270;1;"Sep 21-25";386;
759386;0;"Sep 21-25";387;
847200;0;"Sep 21-25";388;
904294;0;"Sep 21-25";389;
872823;0;"Sep 21-25";390;
826816;1;"Sep 21-25";391;
766388;0;"Sep 21-25";392;
729938;0;"Sep 21-25";393;
902945;0;"Sep 21-25";394;
928065;0;"Sep 21-25";395;
754556;1;"Sep 21-25";396;
866886;1;"Sep 21-25";397;"Test"
981889;0;"Sep 21-25";398;"Test"
955285;0;"Sep 21-25";399;"Test"
764441;0;"Sep 21-25";400;"Test"
884775;1;"Sep 21-25";401;"Test"
909463;0;"Sep 21-25";402;"Test"
975856;0;"Sep 21-25";403;"Test"
959575;0;"Sep 21-25";404;"Test"
735594;0;"Sep 21-25";405;"Test"
848313;1;"Sep 21-25";406;"Test"
857485;0;"Sep 21-25";407;"Test"
953310;0;"Sep 21-25";408;"Test"
792654;1;"Sep 21-25";409;"Test"
943836;0;"Sep 21-25";410;"Test"
807469;0;"Sep 21-25";411;"Test"
899571;0;"Sep 21-25";412;"Test"
839723;0;"Sep 21-25";413;"Test"
894077;1;"Sep 21-25";414;"Test"
912923;0;"Sep 21-25";415;"Test"
936971;0;"Sep 21-25";416;"Test"
990772;0;"Sep 21-25";417;"Test"
726678;1;"Sep 21-25";418;"Test"
960195;0;"Sep 21-25";419;"Test"
794130;0;"Sep 21-25";420;"Test"
720678;0;"Sep 21-25";421;"Test"
972719;0;"Sep 21-25";422;"Test"
913057;1;"Sep 21-25";423;"Test"
926078;0;"Sep 21-25";424;"Test"
713818;1;"Sep 21-25";425;"Test"
964606;0;"Sep 21-25";426;"Test"
892399;0;"Sep 21-25";427;"Test"
944862;0;"Sep 21-25";428;"Test"
996722;0;"Sep 21-25";429;"Test"
716191;0;"Sep 21-25";430;"Test"
776886;1;"Sep 21-25";431;"Test"
755479;0;"Sep 21-25";432;"Test"
961193;1;"Sep 21-25";433;"Test"
892404;0;"Sep 21-25";434;"Test"
757872;0;"Sep 21-25";435;"Test"
767593;0;"Sep 21-25";436;"Test"
983158;0;"Sep 21-25";437;"Test"
974065;1;"Sep 21-25";438;"Test"
730288;0;"Sep 21-25";439;"Test"
891027;0;"Sep 21-25";440;"Test"
960538;0;"Sep 21-25";441;"Test"
899300;0;"Sep 21-25";442;"Test"
941047;1;"Sep 21-25";443;"Test"
794260;0;"Sep 21-25";444;"Test"
887479;1;"Sep 21-25";445;"Test"
970656;0;"Sep 21-25";446;"Test"
725508;0;"Sep 21-25";447;"Test"
932212;0;"Sep 21-25";448;"Test"
910254;0;"Sep 21-25";449;"Test"
873736;0;"Sep 21-25";450;"Test"
891348;0;"Sep 21-25";451;"Test"
885716;1;"Sep 21-25";452;"Test"
786958;1;"Sep 21-25";453;"Test"
835615;0;"Sep 21-25";454;"Test"
962679;0;"Sep 21-25";455;"Test"
969311;0;"Sep 21-25";456;"Test"
943193;0;"Sep 21-25";457;"Test"
793905;0;"Sep 21-25";458;"Test"
880468;0;"Sep 21-25";459;"Test"
913081;1;"Sep 21-25";460;"Test"
749567;1;"Sep 21-25";461;"Test"
825511;0;"Sep 21-25";462;"Test"
844721;0;"Sep 21-25";463;"Test"
870086;0;"Sep 21-25";464;"Test"
996032;0;"Sep 21-25";465;"Test"
958319;0;"Sep 21-25";466;"Test"
885633;0;"Sep 21-25";467;"Test"
744554;1;"Sep 21-25";468;"Test"
777945;0;"Sep 21-25";469;"Test"
995049;0;"Sep 21-25";470;"Test"
960208;1;"Sep 21-25";471;"Test"
984963;0;"Sep 21-25";472;"Test"
875303;1;"Sep 21-25";473;"Test"
760848;0;"Sep 21-25";474;"Test"
941781;0;"Sep 21-25";475;"Test"
761337;0;"Sep 21-25";476;"Test"
766299;0;"Sep 21-25";477;"Test"
833598;1;"Sep 21-25";478;"Test"
966892;0;"Sep 21-25";479;"Test"
927843;0;"Sep 21-25";480;"Test"
745933;0;"Sep 21-25";481;"Test"
761421;1;"Sep 21-25";482;"Test"
746399;0;"Sep 21-25";483;"Test"
732062;0;"Sep 21-25";484;"Test"
755909;0;"Sep 21-25";485;"Test"
990877;0;"Sep 21-25";486;"Test"
928266;1;"Sep 21-25";487;"Test"
901790;0;"Sep 21-25";488;"Test"
907659;0;"Sep 21-25";489;"Test"
807671;1;"Sep 21-25";490;"Test"
814778;0;"Sep 21-25";491;"Test"
793058;0;"Sep 21-25";492;"Test"
791731;0;"Sep 21-25";493;"Test"
996201;1;"Sep 21-25";494;"Test"
829953;0;"Sep 21-25";495;"Test"
900258;0;"Sep 21-25";496;"Test"
812785;1;"Sep 21-25";497;"Test"
749483;0;"Sep 21-25";498;"Test"
934710;0;"Sep 21-25";499;"Test"
720501;0;"Sep 21-25";500;"Test"
808238;0;"Sep 21-25";501;"Test"
993536;1;"Sep 21-25";502;"Test"
800000;0;"Sep 21-25";503;"Test"
803678;0;"Sep 21-25";504;"Test"
808294;1;"Sep 21-25";505;"Test"
792593;0;"Sep 21-25";506;"Test"
838545;0;"Sep 21-25";507;"Test"
983672;0;"Sep 21-25";508;"Test"
918020;0;"Sep 21-25";509;"Test"
713759;1;"Sep 21-25";510;"Test"
981148;0;"Sep 21-25";511;"Test"
726338;0;"Sep 21-25";512;"Test"
920110;0;"Sep 21-25";513;"Test"
808414;0;"Sep 21-25";514;"Test"
756042;0;"Sep 21-25";515;"Test"
945580;1;"Sep 21-25";516;"Test"
